{"accuracy": 0.6923076923076923, "precision": 1.0, "recall": 0.5555555555555556, "f1_score": 0.7142857142857143}