{"accuracy": 0.8441176470588235, "precision": 0.8306878306878307, "recall": 0.8820224719101124, "f1_score": 0.8555858310626703}