{"accuracy": 0.9193548387096774, "precision": 0.9482758620689655, "recall": 0.9649122807017544, "f1_score": 0.9565217391304348}